<?xml version="1.0" encoding="UTF-8"?>
<!DOCTYPE properties SYSTEM "XMLServerProperties.dtd">

<properties>
	<dbproperties>
		<dbprop name="debug" value="true" />
		<dbprop name="debugXml" value="false" />
		<dbprop name="printStacktraces" value="true" />
		<dbprop name="historyFolder" value="c:\XMLServer\history\" />
		<dbprop name="errorFolder" value="c:\XMLServer\error\" />
		<dbprop name="magentoWebserviceUrl" value="http://magento.serac.nl/demo/index.php/api/v2_soap/" />
		<dbprop name="magentoApiUsername" value="magentoapiuser" />
		<dbprop name="magentoApiPassword" value="magentoapiuser" />
		<dbprop name="magentoTimeoutSeconds" value="60" />
		<dbprop name="retryListenerPort" value="2223" />
		<dbprop name="loggingDbServer" value="127.0.0.1" />
		<dbprop name="loggingDatabaseName" value="XMLWebServer" />
		<dbprop name="loggingDbUserName" value="sa" />
		<dbprop name="loggingDbPassword" value="******" />
		<dbprop name="gsxWsdlLocation"
			value="file:/C:/Users/AdeBruijn/Documents/eclipse-workspaces/eclipse-java/GSXClient/WebContent/wsdl/gsx-emeaAsp.wsdl" />
		<dbprop name="gsxClientConfigLocation"
			value="file:/C:/Users/AdeBruijn/Documents/eclipse-workspaces/eclipse-java/GSXClient/src/ClientConfig.xml" />
		<dbprop name="gsxWebServiceLocation"
			value="https://gsxapiut.apple.com/gsx-ws/services/emea/asp" />
		<dbprop name="gsxServiceAccountNo" value="567944" />
		<dbprop name="gsxShipTo" value="567944" />
		<dbprop name="gsxUserLogin" value="repairportal@amac.nl" />
	</dbproperties>
	<mapping>


<!-- <property name="FTP_upload_test" dbLogging="false" debugXml="false" enableHistory="false" errorFolder="C:\Users\tjanssen\Documents\XML-Server_Test-FTP_output\Error\"> -->
<!-- 	<in commType="folder" value="C:\Users\tjanssen\Documents\Xml-Server_Test-FTP_output\Process" fileType="any" delay="5"/> -->
<!-- 	<out commType="ftp" value="C:\Users\tjanssen\Documents\Xml-Server_Test-FTP_output\Archive"  -->
<!-- 				server="ftp.seraccloud.nl" username="ftpgebruiker" password="Meern#030" -->
<!-- 				remoteFolder="/Temp/Thomas_XML-Server_Test/Doelmap/" remoteTempFolder="true"  -->
<!-- 				outputType="any" uploadRetries="2" waitAfterConnectionRefused="30" />   -->
<!-- </property> -->

                                     
<!-- QubicaAMF_ItemList to FTP server -->                            
<!--     <property name="QubicaAMF_ItemList" dbLogging="false" debugXml="false" errorFolder="C:\Users\tjanssen\Documents\XML-Server_Test-FTP_output\Error\" > -->
<!--       <in commType="folder" value="C:\Users\tjanssen\Documents\Xml-Server_Test-FTP_output\Process" delay="5" fileType="any" /> -->
<!--       <out commType="ftp" value="C:\Users\tjanssen\Documents\Xml-Server_Test-FTP_output\Temp" server="ftp.qamf.net" remoteFolder="/" username="BTEDI" password="bowltechftp!@#" outputType="any" uploadRetries="2" delayUploadRetries="30" useTimestampAsPrefix="false"/> -->
<!--       <out commType="folder" value="C:\Users\tjanssen\Documents\Xml-Server_Test-FTP_output\Succes" outputType="any" useTimestampAsPrefix="false" /> -->
<!--     </property> -->


<!-- <property name="InPort_No_Anwer_Test" dbLogging="false" debugXml="false" enableHistory="false" errorFolder="C:\Users\tjanssen\Documents\XML-Server_Test_InPort_NoAnswer\Error"> -->
<!-- 	<in commType="port" value="4242" returnFileContent="true" /> -->
<!-- 	<out commType="server" value="sbo92:15179" waitAfterConnectionRefused="30" /> -->
<!-- 	<out commType="folder" value="C:\Users\tjanssen\Documents\XML-Server_Test_InPort_NoAnswer\ArchiveXML" outputType="xml" useTimestampAsPrefix="true" replaceExistingFile="false" /> -->
<!-- </property> -->

<property name="WK_Test_Mapper" dbLogging="false" debugXml="false" enableHistory="false" errorFolder="C:\Users\tjanssen\Documents\XML_Webserver_Test\Test-WK\InternalError">
	<in commType="folder" value="C:\Users\tjanssen\Documents\XML_Webserver_Test\Test-WK\Process" delay="5" fileType="csv" />
	<out commType="folder" value="C:\Users\tjanssen\Documents\XML_Webserver_Test\Test-WK\CSV" outputType="csv" useTimestampAsPrefix="false" replaceExistingFile="true">
		<mapper valType= "class" value="GenericCsvToXmlMapper" separator="," escapeQuotes="false" includeColumnNames="true"/>
	</out> 
	<out commType="folder" value="C:\Users\tjanssen\Documents\XML_Webserver_Test\Test-WK\XML"  outputType="xml" useTimestampAsPrefix="false" replaceExistingFile="true" >
		<mapper valType="xsl" value="C:\Users\tjanssen\Documents\XML_Webserver_Test\Test-WK\addenvelope.xslt" /> 
	</out>
	<out commType="folder" value="C:\Users\tjanssen\Documents\XML_Webserver_Test\Test-WK\XSL"  outputType="xml" useTimestampAsPrefix="false" replaceExistingFile="true" />
	<out commType="server" value="localhost:2222" waitAfterConnectionRefused="30" />
	<out commType="folder" value="C:\Users\tjanssen\Documents\XML_Webserver_Test\Test-WK\Error" contentAcceptanceFilter="//answer/returncode != 0" outputType="xml" useTimestampAsPrefix="false" replaceExistingFile="true"/>
	<out commType="folder" value="C:\Users\tjanssen\Documents\XML_Webserver_Test\Test-WK\Succes" outputType="xml" useTimestampAsPrefix="false" replaceExistingFile="true"/>
</property>

<!-- <property  name="WK_Test_InternalError"  debugXml="false"> -->
<!-- 	<in commType="folder" value="C:\Users\tjanssen\Documents\XML_Webserver_Test\Test-WK\InternalError" delay="5" fileType="any" /> -->
<!-- 	<out value="email" commType="email" emailsmtphost="mail.serac.nl" emailsmtpport="25" emailfrom="xmlwebserver@serac.nl" emailto="thomas.janssen@serac.nl"  -->
<!-- 	 emailsubject="TEST: Internal Error" emailbodyfile="C:\Users\tjanssen\Documents\XML_Webserver_Test\Test-WK\InternalErrorMail.html" emailReadErrorXML="false" emailAddAttachment="true"  />  -->
<!-- 	<out commType="folder" value="C:\Users\tjanssen\Documents\XML_Webserver_Test\ErrorTest\NotSend" useTimestampAsPrefix="true" replaceExistingFile="true" outputType="csv"/> -->
<!-- </property> -->

<!-- <property  name="WK_Test_Error"  debugXml="false"> -->
<!-- 	<in commType="folder" value="C:\Users\tjanssen\Documents\XML_Webserver_Test\Test-WK\Error" delay="5" fileType="xml"/> -->
<!-- 	<out value="email" commType="email" emailsmtphost="mail.serac.nl" emailsmtpport="25" emailfrom="xmlwebserver@serac.nl" emailto="thomas.janssen@serac.nl"  -->
<!-- 	 emailsubject="TEST: Error" emailbodyfile="C:\Users\tjanssen\Documents\XML_Webserver_Test\Test-WK\ErrorMail.html" emailReadErrorXML="true" emailAddAttachment="false"  />  -->
<!-- 	<out commType="folder" value="C:\Users\tjanssen\Documents\XML_Webserver_Test\Test-WK\NotSend" useTimestampAsPrefix="false" replaceExistingFile="true"/> -->
<!-- </property>	 -->
	
<!-- <property name="Test_Amac_SalesForce_trigger" dbLogging="false" debugXml="false" enableHistory="false" errorFolder="C:\Users\tjanssen\Documents\XML-Webserver_AMAC-Salesforce\Offerte_headers\Error\"> -->
<!-- 		<in commType="trigger" triggerFilePath="C:\Users\tjanssen\Documents\XML-Webserver_AMAC-Salesforce\Offerte_headers\In" value="C:\Users\tjanssen\Documents\XML-Webserver_AMAC-Salesforce\Offerte_headers\Process"  -->
<!-- 			postCommandFile="C:\Program Files (x86)\Google\Chrome\chrome.exe" delay="5"/> -->
<!-- 		<out commType="folder" value="C:\Users\tjanssen\Documents\XML-Webserver_AMAC-Salesforce\Offerte_headers\Process\" outputType="xml"/> -->
<!-- </property> -->

<!-- <property name="Test_Amac_SalesForce_Offerte_headers" dbLogging="false" debugXml="false" enableHistory="false" errorFolder="C:\Users\tjanssen\Documents\XML-Webserver_AMAC-Salesforce\Offerte_headers\Error\"> -->
<!-- 			<in commType="folder"  value="C:\Users\tjanssen\Documents\XML-Webserver_AMAC-Salesforce\Offerte_headers\Process\" delay="5" /> -->
<!-- 			<out commType="server" value="sbo92:15179" waitAfterConnectionRefused="30" /> -->
<!-- 			<out commType="folder" value="C:\Users\tjanssen\Documents\XML-Webserver_AMAC-Salesforce\Offerte_headers\Error\" contentAcceptanceFilter="//answer/returncode != 0" stopProcessingAfterAccept="true" useTimestampAsPrefix="false" replaceExistingFile="true" /> -->
<!-- 			<out commType="folder"  value="C:\Users\tjanssen\Documents\XML-Webserver_AMAC-Salesforce\Offerte_headers\CSV-Omzetting\Process\" outputType="xml" useTimestampAsPrefix="false" replaceExistingFile="true" /> -->
<!-- 			<out commType="folder" value="C:\Users\tjanssen\Documents\XML-Webserver_AMAC-Salesforce\Offerte_headers\ArchiveXML\" outputType="xml" useTimestampAsPrefix="false" replaceExistingFile="true" > -->
<!-- 				<mapper valType="xsl" value="C:\Users\tjanssen\Documents\XML-Webserver_AMAC-Salesforce\XSLT\header_klanten_addressen.xslt" />  -->
<!--  			</out> -->
<!-- 			<out commType="folder" value="C:\Users\tjanssen\Documents\XML-Webserver_AMAC-Salesforce\Offerte_headers\ArchiveXSL\" outputType="xml" useTimestampAsPrefix="true" replaceExistingFile="true" postCommandFile="C:\Users\tjanssen\Documents\XML-Webserver_AMAC-Salesforce\TriggerCopyOfferteLines.cmd"/> -->
<!-- 			<out commType="server" value="localhost:2222" waitAfterConnectionRefused="30" /> -->
<!-- 			<out commType="folder" value="C:\Users\tjanssen\Documents\XML-Webserver_AMAC-Salesforce\Offerte_headers\NotSend\" contentAcceptanceFilter="//answer/returncode != 0" stopProcessingAfterAccept="true" useTimestampAsPrefix="false" replaceExistingFile="true" /> -->
<!-- 			<out commType="folder" value="C:\Users\tjanssen\Documents\XML-Webserver_AMAC-Salesforce\Offerte_headers\Success\" contentAcceptanceFilter="//answer/returncode = 0" outputType="xml" useTimestampAsPrefix="false" replaceExistingFile="true" /> -->
<!-- </property> -->

<!-- <property name="Test_Amac_SalesForce_Offerte_headers_CSV" dbLogging="false" debugXml="false" enableHistory="false" errorFolder="C:\Users\tjanssen\Documents\XML-Webserver_AMAC-Salesforce\Offerte_headers\Error\"> -->
<!-- 			<in commType="folder"  value="C:\Users\tjanssen\Documents\XML-Webserver_AMAC-Salesforce\Offerte_headers\CSV-Omzetting\Process\" delay="5" /> -->
<!-- 			<out commType="folder" value="C:\Users\tjanssen\Documents\XML-Webserver_AMAC-Salesforce\Offerte_headers\CSV-Omzetting\ArchiveXML\"  outputType="xml" useTimestampAsPrefix="false" replaceExistingFile="true" > -->
<!-- 					<mapper valType="class" value="CSVMapper" separator="," addQuotesToSegment="true"/> -->
<!-- 			</out> -->
<!-- 			<out commType="folder" value="C:\Users\tjanssen\Documents\XML-Webserver_AMAC-Salesforce\Offerte_headers\CSV-Omzetting\ArchiveCSV\" outputType="csv" useTimestampAsPrefix="false" replaceExistingFile="true" /> -->
<!-- </property> -->

<!-- SalesForce-Amac Klanten-Adressen -->

<!-- <property name="SalesForce-Amac_Klanten-Adressen" dbLogging="false" debugXml="false" enableHistory="false" errorFolder="C:\Users\tjanssen\Documents\XML-Webserver_AMAC-Salesforce\BusinessPartners\InternalError\"> -->
<!-- 		<in commType="folder" value="C:\Users\tjanssen\Documents\XML-Webserver_AMAC-Salesforce\BusinessPartners\Process" delay="5" fileType="csv" fileNameAcceptanceExpression="^.*(?i)accounts(?-i).*$"/> -->
<!-- 		<out commType="folder" value="C:\Users\tjanssen\Documents\XML-Webserver_AMAC-Salesforce\BusinessPartners\ArchiveCSV\" outputType="csv" useTimestampAsPrefix="false" replaceExistingFile="true"> -->
<!-- 			<mapper value="GenericCsvToXmlMapper" separator="," includeColumnNames="true" escapeQuotes="true"/> -->
<!-- 		</out> -->
<!-- 		<out commType="folder" value="C:\Users\tjanssen\Documents\XML-Webserver_AMAC-Salesforce\BusinessPartners\ArchiveXML\" outputType="xml" useTimestampAsPrefix="false" replaceExistingFile="true"> -->
<!-- 			<mapper valType="xsl" value="C:\Users\tjanssen\Documents\XML-Webserver_AMAC-Salesforce\BusinessPartners\addenvelopeOrderH.xslt"/> -->
<!-- 		</out> -->
<!-- 		<out commType="folder" value="C:\Users\tjanssen\Documents\XML-Webserver_AMAC-Salesforce\BusinessPartners\ArchiveXSL\" outputType="xml" useTimestampAsPrefix="false" replaceExistingFile="true"/> -->
<!-- 		<out commType="server" value="localhost:2222" waitAfterConnectionRefused="30" /> -->
<!-- 		<out commType="folder" value="C:\Users\tjanssen\Documents\XML-Webserver_AMAC-Salesforce\BusinessPartners\Error\" contentAcceptanceFilter="//answer/returncode != 0" stopProcessingAfterAccept="true" useTimestampAsPrefix="false" replaceExistingFile="true" /> -->
<!-- 			<out commType="folder" value="C:\Users\tjanssen\Documents\XML-Webserver_AMAC-Salesforce\BusinessPartners\Succes\" useTimestampAsPrefix="false" replaceExistingFile="true" /> -->
<!-- </property> -->

<!-- SalesForce-Amac Contactpersonen -->

<!-- <property name="SalesForce-Amac_Contactpersonen" dbLogging="false" debugXml="false" enableHistory="false" errorFolder="C:\Users\tjanssen\Documents\XML-Webserver_AMAC-Salesforce\Contactpersonen\InternalError\"> -->
<!-- 		<in commType="folder" value="C:\Users\tjanssen\Documents\XML-Webserver_AMAC-Salesforce\Contactpersonen\Process" delay="5" fileType="csv"/> -->
<!-- 		<out commType="folder" value="C:\Users\tjanssen\Documents\XML-Webserver_AMAC-Salesforce\Contactpersonen\ArchiveCSV\" outputType="csv" useTimestampAsPrefix="false" replaceExistingFile="true"> -->
<!-- 			<mapper value="GenericCsvToXmlMapper" separator="," includeColumnNames="true" escapeQuotes="true"/> -->
<!-- 		</out> -->
<!-- 		<out commType="folder" value="C:\Users\tjanssen\Documents\XML-Webserver_AMAC-Salesforce\Contactpersonen\ArchiveXML\" outputType="xml" useTimestampAsPrefix="false" replaceExistingFile="true"> -->
<!-- 			<mapper valType="xsl" value="C:\Users\tjanssen\Documents\XML-Webserver_AMAC-Salesforce\Contactpersonen\addenvelopeOrderL.xslt"/> -->
<!-- 		</out> -->
<!-- 		<out commType="folder" value="C:\Users\tjanssen\Documents\XML-Webserver_AMAC-Salesforce\Contactpersonen\ArchiveXSL\" outputType="xml" useTimestampAsPrefix="false" replaceExistingFile="true"/> -->
<!-- 		<out commType="server" value="localhost:2222" waitAfterConnectionRefused="30" /> -->
<!-- 		<out commType="folder" value="C:\Users\tjanssen\Documents\XML-Webserver_AMAC-Salesforce\Contactpersonen\Error\" contentAcceptanceFilter="//answer/returncode != 0" useTimestampAsPrefix="false" replaceExistingFile="true" /> -->
<!-- 			<out commType="folder" value="C:\Users\tjanssen\Documents\XML-Webserver_AMAC-Salesforce\Contactpersonen\Succes\" useTimestampAsPrefix="false" replaceExistingFile="true" /> -->
<!-- </property> -->



<!-- lines -->

<!-- <property name="Test_Amac_SalesForce_Offerte_lines" dbLogging="false" debugXml="false" enableHistory="false" errorFolder="C:\Users\tjanssen\Documents\XML-Webserver_AMAC-Salesforce\Offerte_lines\Error\"> -->
<!-- 			<in commType="folder"  value="C:\Users\tjanssen\Documents\XML-Webserver_AMAC-Salesforce\Offerte_lines\Process\" delay="5" /> -->
<!-- 			<out commType="server" value="sbo92:15179" waitAfterConnectionRefused="30" /> -->
<!-- 			<out commType="folder" value="C:\Users\tjanssen\Documents\XML-Webserver_AMAC-Salesforce\Offerte_lines\Error\" contentAcceptanceFilter="//answer/returncode != 0" stopProcessingAfterAccept="true" useTimestampAsPrefix="false" replaceExistingFile="true" /> -->
<!-- 			<out commType="folder"  value="C:\Users\tjanssen\Documents\XML-Webserver_AMAC-Salesforce\Offerte_lines\CSV-Omzetting\Process\" outputType="xml" useTimestampAsPrefix="false" replaceExistingFile="true" /> -->
<!-- 			<out commType="folder" value="C:\Users\tjanssen\Documents\XML-Webserver_AMAC-Salesforce\Offerte_lines\ArchiveXML\" outputType="xml" useTimestampAsPrefix="false" replaceExistingFile="true" > -->
<!-- 				<mapper valType="xsl" value="C:\Users\tjanssen\Documents\XML-Webserver_AMAC-Salesforce\XSLT\header_klanten_addressen.xslt" />  -->
<!--  			</out> -->
<!-- 			<out commType="folder" value="C:\Users\tjanssen\Documents\XML-Webserver_AMAC-Salesforce\Offerte_lines\ArchiveXSL\" outputType="xml" useTimestampAsPrefix="true" replaceExistingFile="true"/> -->
<!-- 			<out commType="server" value="localhost:2222" waitAfterConnectionRefused="30" /> -->
<!-- 			<out commType="folder" value="C:\Users\tjanssen\Documents\XML-Webserver_AMAC-Salesforce\Offerte_lines\NotSend\" contentAcceptanceFilter="//answer/returncode != 0" stopProcessingAfterAccept="true" useTimestampAsPrefix="false" replaceExistingFile="true" /> -->
<!-- 			<out commType="folder" value="C:\Users\tjanssen\Documents\XML-Webserver_AMAC-Salesforce\Offerte_lines\Success\" contentAcceptanceFilter="//answer/returncode = 0" outputType="xml" useTimestampAsPrefix="false" replaceExistingFile="true" /> -->
<!-- </property> -->

<!-- <property name="Test_Amac_SalesForce_CSV_Offerte_lines_CSV" dbLogging="false" debugXml="false" enableHistory="false" errorFolder="C:\Users\tjanssen\Documents\XML-Webserver_AMAC-Salesforce\Offerte_lines\Error\"> -->
<!-- 			<in commType="folder"  value="C:\Users\tjanssen\Documents\XML-Webserver_AMAC-Salesforce\Offerte_lines\CSV-Omzetting\Process\" delay="5" /> -->
<!-- 			<out commType="folder" value="C:\Users\tjanssen\Documents\XML-Webserver_AMAC-Salesforce\Offerte_lines\CSV-Omzetting\ArchiveXML\"  outputType="xml" useTimestampAsPrefix="false" replaceExistingFile="true" > -->
<!-- 					<mapper valType="class" value="CSVMapper" separator="," includeColumnNames="true" /> -->
<!-- 			</out> -->
<!-- 			<out commType="folder" value="C:\Users\tjanssen\Documents\XML-Webserver_AMAC-Salesforce\Offerte_lines\CSV-Omzetting\ArchiveCSV\" outputType="csv" useTimestampAsPrefix="false" replaceExistingFile="true" /> -->
<!-- </property> -->

<!-- <property name="WK-test" dbLogging="false" debugXml="false" enableHistory="false" errorFolder="C:\Users\tjanssen\Documents\XML_Webserver_Test\Test-WK\Error\"> -->
<!-- 	<in commType="folder" value="C:\Users\tjanssen\Documents\XML_Webserver_Test\Test-WK\Process" delay="5" /> -->
<!-- 	<out commType="server" value="localhost:2222" waitAfterConnectionRefused="30" /> -->
<!-- 	<out commType="folder" value="C:\Users\tjanssen\Documents\XML_Webserver_Test\Test-WK\Out"/> -->
<!-- </property> -->

<!-- 	<property name="ROS_customer_add"> -->
<!-- 		<in commType="port" value="41000" ErrorFolder="d:\XMLWebServer\ROS\Out\Customer\Error\" HistoryFolder="d:\XMLWebServer\ROS\Out\Customer\History\"/> -->
<!-- 		<out commType="class" value ="nl.serac.xmlserver.benoros.CustomerProcessor" username="14690" password="109:45:14:-22:-114:77:100:-24:-96:-52:65:85:-65:14:-67:36:46:48:-73:-35:-80:76:103:7" wslocation="https://retailg2.bang-olufsen.dk/POS/POS.svc" -->
<!-- 			wsdllocation="http://localhost:8182/XMLWebServerNuconnectLive/wsdl/POS_single_file.wsdl"/> -->
<!-- 		<out commType="folder" value = "d:\XMLWebServer\ROS\Out\Customer\Answer\"> -->
<!-- 			<mapper valType="xsl" value="D:\XMLWebServer\ROS\xslt\BP_Update.xslt"/> -->
<!-- 		</out> -->
<!-- 		<out commtype="server" value= "127.0.0.1:22240"/> -->
<!-- 		<out commType="folder" value="d:\XMLWebServer\ROS\Out\Customer\ConnectorAnswer\" /> -->
<!-- 	</property> -->

<!-- 		<property name="DynalogicDelivery"> -->
<!-- 			<in commType="port" value="22222" /> -->
<!-- 			<out commType="class" value="nl.serac.xmlserver.dynalogic.DeliveryProcessor" /> -->
<!-- 		</property> -->

<!-- 
		<property name="techdataprices">
			<in commType="folder" value="F:\temp\TechDataPrices\processing\" delay="5" fileNameAcceptanceExpression="TechData_prices.*" fileType="any"/>
			<out commType="folder" value="F:\temp\TechDataPrices\archive\" outputType="any">
				<mapper valType="class" value="GenericCsvToXmlMapper" includeColumnNames="false" variableRowWidth="true" columnNamePrefix="c" separator="\t" />
			</out>
			<out commType="folder" value="F:\temp\TechDataPrices\xml\" useTimestampAsPrefix="false">
				<mapper valType="xsl" value="F:\temp\TechDataPrices\td_prices_add_envelope.xslt"/>			
			</out>
			<out commType="folder" value="F:\temp\TechDataPrices\converted\"  useTimestampAsPrefix="false"/>
			<out commType="server" value= "127.0.0.1:2222"/>
			<out commType="folder" value="F:\temp\TechDataPrices\answer\"  useTimestampAsPrefix="false"/>
		</property>
 -->
		
			<!-- <property name="GSXSboDiesToGSX"> <in commType="port" value="2223" 
				/> <out commType="class" value="nl.serac.xmlserver.gsx.GsxController" /> 
				</property> <property name="GSXCheckRepairStatus"> <in commType="folder" 
				value="C:\Temp\triggerXmlServerGsx\" delay="5" /> <out commType="server" 
				value="sbo91:12224"/> <out commType="folder" value="C:\Temp\triggerXmlServerGsx\SBOresponse\" 
				/> <out commType="class" value="nl.serac.xmlserver.gsx.CheckRepairStatus" 
				/> <out commType="folder" value="C:\Temp\triggerXmlServerGsx\XMLServerResponse\" 
				> <mapper valType="xsl" value="C:\Temp\gsx_repairstatus_add_class.xslt"/> 
				</out> <out commType="server" value="sbo91:12224"/> <out commType="folder" 
				value="C:\Temp\triggerXmlServerGsx\ConnectorAnswer\" /> </property> <property 
				name="GSXSboDiesToGSXInvoiceDetails"> <in commType="port" value="2223" /> 
				<out commType="class" value="nl.serac.xmlserver.gsx.GetInvoiceDetails" /> 
				</property> <property name="GSXSboDiesToGSXInvoiceIdsLookup"> <in commType="port" 
				value="2223" /> <out commType="class" value="nl.serac.xmlserver.gsx.GetInvoiceIds" 
				/> </property> -->

			<!-- <property name="httpgettest" dbLogging="false" debugXml="true" errorfolder="C:\temp\"> 
				<in commType="http" value ="https://intcom.xml.quality.techdata.de:7776/XMLGate/outbound?mode=order 
				response&amp;authcode=SvYyMeh1-4Y55-3ge5-hePT-m84EMSG1ncBH" delay="120"/> 
				<out commType="folder" value="C:\temp\"/> </property> -->

			<!-- <property name="TechDataORDRPSTest" dbLogging="false" debugXml="true" 
				errorfolder="C:\XMLWebServer\TechDataTest\In\OrderResponse\Error\"> <in commType="http" 
				value ="https://intcom.xml.quality.techdata.de:7776/XMLGate/outbound?mode=order 
				response&amp;authcode=SvYyMeh1-4Y55-3ge5-hePT-m84EMSG1ncBH" delay="60"/> 
				<out commType="folder" value ="C:\XMLWebServer\TechDataTest\In\OrderResponse\Archive\"> 
				<mapper valType="xsl" value="C:\XMLWebServer\TechDataTest\Add-Techdata-ORDSP-class.xslt"/> 
				</out> <out commType="folder" value="C:\XMLWebServer\TechDataTest\In\OrderResponse\Converted\"/> 
				<out commType="folder" value="C:\XMLWebServer\TechDataTest\In\OrderResponse\Processing\"/> 
				</property> -->
			<!-- <property name="DiesToMagento" dbLogging="false" debugXml="true" 
				enableHistory="false"> <in commType="port" value="6353" /> <out commType="class" 
				value="nl.serac.xmlserver.magento.UpdateCustomer1_8" magentoDefaultCustomerPassword="welkom2014" 
				/> </property> -->
			<!-- <property name="test_zip"> <in commType="folder" value="C:\XMLServer\input\" 
				delay="10" fileType="any" inputEncoding="UTF-8" zipInputFiles="true" maximumZipFileSizeInKb="1000"/> 
				<out commType="folder" value="C:\XMLServer\output\" outputType="any" useTimestampAsPrefix="false" 
				replaceExistingFile="true" /> </property> -->
			<!-- <property name="Magento_BatchExport_UploadPictures" enableHistory="false"> 
				<in commType="trigger" triggerHistoryFolder="C:\XMLServer\sbotomagentoexporter\triggerhistory" 
				triggerFilePath="C:\XMLServer\sbotomagentoexporter\trigger_afterpicturesexported.xml" 
				triggerContentAcceptanceFilter="trigger/@name='afterItemPicturesExported'" 
				postTriggerFile="C:\XMLServer\sbotomagentoexporter\trigger_afterpicturesuploaded.xml" 
				postTriggerFileContent="&lt;trigger name=&quot;afterItemPicturesUploaded&quot;/&gt;" 
				value="C:\XMLServer\sbotomagentoexporter\exportedpictures" delay="10" fileType="any" 
				/> <out commType="ftp" value="C:\XMLServer\sbotomagentoexporter\uploadpictures" 
				outputType="any" useTimestampAsPrefix="false" replaceExistingFile="true" 
				server="ftp.serac.nl" username="ftpgebruiker" password="Meern#030" remoteFolder="/mk/" 
				keepCopyOfUploadedFiles="false" /> </property> <property name="Magento_BatchExport_ZipItems" 
				enableHistory="false"> <in commType="trigger" triggerHistoryFolder="C:\XMLServer\sbotomagentoexporter\triggerhistory" 
				triggerFilePath="C:\XMLServer\sbotomagentoexporter\trigger_afterpicturesuploaded.xml" 
				triggerContentAcceptanceFilter="trigger/@name='afterItemPicturesUploaded'" 
				value="C:\XMLServer\sbotomagentoexporter\export" delay="10" fileNameAcceptanceExpression="items.*_\d{6}\.xml" 
				/> <out commType="folder" value="C:\XMLServer\sbotomagentoexporter\zipped" 
				zipOutputFiles="true" useTimestampAsPrefix="false" replaceExistingFile="true" 
				/> </property> <property name="Magento_BatchExport_UploadItems" enableHistory="false"> 
				<in commType="folder" value="C:\XMLServer\sbotomagentoexporter\zipped" delay="10" 
				fileType="zip"/> <out commType="ftp" value="C:\XMLServer\sbotomagentoexporter\uploaditems" 
				outputType="zip" useTimestampAsPrefix="false" replaceExistingFile="true" 
				server="ftp.serac.nl" username="ftpgebruiker" password="Meern#030" remoteFolder="/mk/" 
				keepCopyOfUploadedFiles="false" /> </property> -->
			<!-- <property name="test_sftp_upload_withpassword"> <in commType="folder" 
				value="C:\XMLServer\input\" delay="10" fileType="txt" /> <out commType="sftp" 
				value="C:\XMLServer\ftp_uploaded\" server="demopos.serac.nl" username="root" 
				password="serac" remoteFolder="/usr/local/serac/uploaded/" outputType="txt" 
				/> </property> <property name="test_sftp_upload_withprivatekeyfile"> <in 
				commType="folder" value="C:\XMLServer\input\" delay="10" fileType="txt" /> 
				<out commType="sftp" value="C:\XMLServer\ftp_uploaded\" server="demopos.serac.nl" 
				username="root" identityFile="C:\XMLServer\sftp\id_rsa" remoteFolder="/usr/local/serac/uploaded/" 
				outputType="txt" /> </property> -->
			<!-- <property name="test_DIES_to_SBOConnector_marshalledobjects"> <in 
				commType="port" value="2001" inputEncoding="UTF-8"> <mapper valType="class" 
				value="MarshalledObjectsWrapper" sboConnectorClass="nl.serac.sboconnector.processors.MarshalledObjectsProcessor" 
				/> </in> <out commType="folder" value="C:\XMLServer\out\" /> </property> -->
			<!-- <property name="test_DIES_to_SBOConnector_deleteobjects"> <in commType="port" 
				value="2002" inputEncoding="UTF-8"> <mapper valType="class" value="DeleteObjectsWrapper" 
				sboConnectorClass="nl.serac.sboconnector.processors.DeleteObjects" /> </in> 
				<out commType="folder" value="C:\XMLServer\out\" /> </property> -->
			<!-- <property name="test_ToConnector" debugXml="false"> <in commType="folder" 
				value="C:\XMLServer\connector\" delay="5" /> <out commType="server" value="localhost:2222" 
				/> <out commType="folder" value="C:\XMLServer\connectoranswer\" /> </property> -->
			<!-- <property name="Watson_ImportOrders" debugXml="false"> <in commType="folder" 
				value="C:\XMLServer\orders_received\" delay="5" fileType="edi"/> <out commType="folder" 
				value="C:\XMLServer\orders\" outputType="edi" fileName="%d_%t_1_orders96a.edi"> 
				<mapper valType="class" value="GenericEdiToXmlMapper" groupingBeginAtSegment="LIN" 
				groupingEndAtSegment="UNS"/> </out> <out commType="folder" value="C:\XMLServer\orders\" 
				fileName="%d_%t_2_orders96a.xml" generateNewFileName="true"> <mapper valType="xsl" 
				value="C:\XMLServer\xslt\Watson_EdiOrders_to_SboOrders.xslt"/> </out> <out 
				commType="folder" value="C:\XMLServer\orders\" fileName="%d_%t_3_orders96a_connector.xml"/> 
				<out commType="server" value="localhost:2222"/> <out commType="folder" value="C:\XMLServer\orders\" 
				fileName="%d_%t_4_orders96a_connector_answer.xml"/> <out commType="folder" 
				value="C:\XMLServer\aperak_trigger\" fileName="%d_%t_retrieveaperak.xml" 
				contentAcceptanceFilter="answer/objects/object[added='1']"/> </property> 
				<property name="Watson_ExportAperak" debugXml="false"> <in commType="folder" 
				value="C:\XMLServer\aperak_trigger\" delay="5"> <mapper valType="xsl" value="C:\XMLServer\xslt\Watson_AperakExportQuery.xslt"/> 
				</in> <out commType="folder" value="C:\XMLServer\aperak\" fileName="%d_%t_1_retrieveaperak.xml"/> 
				<out commType="server" value="localhost:2222"/> <out commType="folder" value="C:\XMLServer\aperak\" 
				fileName="%d_%t_2_retrieveaperak_answer.xml" contentAcceptanceFilter="answer/queryresult/BOM/BO" 
				stopProcessingAfterReject="true"> <mapper valType="xsl" value="C:\XMLServer\xslt\Watson_SboOrders_to_EdiAperak.xslt"/> 
				</out> <out commType="folder" value="C:\XMLServer\aperak\" fileName="%d_%t_3_aperak96a.xml"> 
				<mapper valType="class" value="GenericXmlToEdiMapper" calculateNumberOfSegments="true"/> 
				</out> <out commType="folder" value="C:\XMLServer\aperak\" outputType="edi" 
				fileName="%d_%t_4_aperak96a.edi" generateNewFileName="true"/> </property> -->
			<!-- <property name="test_XmlToCsv" debugXml="false"> <in commType="folder" 
				value="C:\XMLServer\in\" delay="5" preserveNewlines="true"> <mapper valType="class" 
				value="GenericXmlToCsvMapper" includeColumnNames="false" /> </in> <out commType="folder" 
				value="C:\XMLServer\transformed\" outputType="csv" /> </property> -->
			<!-- <property name="test_CsvToXml" debugXml="false"> <in commType="folder" 
				value="C:\XMLServer\in\" delay="5" fileType="csv"> <mapper valType="class" 
				value="GenericCsvToXmlMapper" includeColumnNames="false" variableRowWidth="true" 
				columnNamePrefix="c" /> </in> <out commType="folder" value="C:\XMLServer\untransformed\" 
				useTimestampAsPrefix="false" /> </property> -->
			<!-- <property name="test_XmlTransform" debugXml="false"> <in commType="folder" 
				value="C:\XMLServer\untransformed\" delay="5"> <mapper valType="xsl" value="C:\XMLServer\xslt\classificatie.xslt" 
				/> </in> <out commType="folder" value="C:\XMLServer\transformed\" useTimestampAsPrefix="false" 
				customFileNameSuffix="_transformed" /> </property> -->
			<!-- <property name="test_serialnumbers"> <in commType="folder" value="C:\XMLServer\in\" 
				delay="1" /> <out commType="folder" value="C:\XMLServer\out\" customFileNamePrefix="products_" 
				useSerialNumberAsFileName="true" serialNumberLength="6" /> </property> -->
			<!-- <property name="test_verdeelthread"> <in commType="folder" value="C:\XMLServer\in\" 
				delay="5" /> <out commType="folder" value="C:\XMLServer\in_materials\" contentAcceptanceFilter="answer/materials" 
				stopProcessingAfterAccept="true" /> <out commType="folder" value="C:\XMLServer\in_salesorders\" 
				contentAcceptanceFilter="//salesorders or //SalesOrders or //SALESORDERS" 
				stopProcessingAfterAccept="true" /> <out commType="folder" value="C:\XMLServer\in_customersforcompany123\" 
				contentAcceptanceFilter="//customers[CompanyID='123']" stopProcessingAfterAccept="true" 
				/> <out commType="folder" value="C:\XMLServer\unaccepted\" /> </property> -->
			<!-- <property name="VanTilburg"> <in commType="folder" value="C:\XMLServer\in\" 
				/> <out commType="server" value="someserver:1234" feedbackEncoding="ISO-8859-1"> 
				<mapper valType="class" value="CSVMapper" separator=";" replaceenter="@@" 
				/> </out> <out commType="folder" value="c:\XMLServer\out\" outputType="csv" 
				/> </property> -->
			<!-- <property name="SboDiesToMagento_Item"> <in commType="port" value="2223" 
				/> <out commType="class" value="nl.serac.xmlserver.magento.UpdateItem" /> 
				</property> -->
			<!-- <property name="MagentoToConnector"> <in commType="manual" /> <out 
				commType="server" value="localhost:2222" /> </property> -->
			<!-- <property name="versteegh_csv_to_connector"> <in commType="folder" 
				value="C:\XMLServer\versteegh" fileType="csv" delay="5"> <mapper valType="class" 
				value="VersteeghCsvToXmlMapper" separator=";" processorClass="nl.serac.sboconnector.addons.versteegh.DeliveriesProcessor" 
				/> </in> <out commType="server" value="localhost:2222" /> </property> -->
			<!-- <property name="test_port_communication"> <in commType="port" value="3333" 
				/> <out commType="server" value="localhost:2222" /> </property> -->
			<!-- <property name="test_ftp_download"> <in commType="ftp" value="c:\XMLServer\temp\" 
				server="ftp.serac.nl" username="ftpgebruiker" password="Meern#030" remoteFolder="/mk/" 
				delay="10"/> <out commType="folder" value="c:\XMLServer\out\" /> </property> -->
			<!-- <property name="test_wildcards"> <in commType="folder" value="c:\XMLServer\test\" 
				delay="5" fileType="jpg" /> <out commType="folder" value="c:\XMLServer\out\" 
				fileName="datum%d_tijd%t_name_%o.jpg" outputType="jpg" /> </property> -->
			<!-- <property name="test_jpg_upload_versteegh" historyFolder="c:\XMLServer\goed\" 
				errorFolder="c:\XMLServer\fout\"> <in commType="folder" value="c:\XMLServer\in\" 
				delay="5" fileType="jpg" /> <out commType="folder" value="c:\XMLServer\out\" 
				outputType="jpg" useTimestampAsPrefix="false" replaceExistingFile="true" 
				/> <out commType="ftp" value="c:\XMLServer\ftp_uploaded\" outputType="jpg" 
				useTimestampAsPrefix="false" replaceExistingFile="true" server="ftp.serac.nl" 
				username="ftpgebruiker" password="Meern#030" remoteFolder="/mk/" /> </property> -->
			<!-- <property name="test_ftp_upload"> <in commType="folder" value="c:\XMLServer\in\" 
				delay="10"/> <out commType="ftp" value="c:\XMLServer\ftp_uploaded\" server="ftp.serac.nl" 
				username="ftpgebruiker" password="Meern#030" remoteFolder="/mk/" /> </property> -->
			<!-- <property name="test_ftp_upload"> <in commType="folder" value="c:\XMLServer\in\" 
				delay="30"/> <out commType="folder" value="C:\XMLServer\ftp_upload\" customFileNamePrefix="companyname_" 
				useSerialNumberAsFileName="true" serialNumberLength="4" /> <out commType="ftp" 
				value="c:\XMLServer\ftp_upload\" server="ftp1.versteegh.nl" username="vogele" 
				password="cXkQa7#d" remoteFolder="/" keepCopyOfUploadedFiles="false" /> </property> -->
			<!-- <property name="test_connector"> <in commType="folder" value="c:\XMLServer\in\" 
				delay="5"> <mapper valType="xsl" value="c:\XMLServer\xslt\xml_transformer.xslt"/> 
				</in> <out commType="server" value="localhost:2222" /> <out commType="folder" 
				value="c:\XMLServer\out\" /> </property> -->
			<!-- <property name="Retail XML- niet verwijderen"> <in commType="port" 
				value="3333"/> <out commType="server" value="127.0.0.1:4333" /> </property> 
				<property> <in commType="folder" value="c:\XMLServer\in\" delay="10" /> <out 
				commType="server" value="127.0.0.1:4443" outputType="csv"> <mapper valType="class" 
				value="CSVMapper" /> </out> <out commType="folder" value="c:\XMLServer\out\" 
				/> </property> <property> <in commType="folder" value="c:\XMLServer\in\" 
				delay="10" > <mapper valType="class" value="CSVMapper" /> </in> <out commType="folder" 
				value="c:\XMLServer\out\" outputType="csv" /> </property> <property> <in 
				commType="folder" value="c:\XMLServer\in\" delay="10" /> <out commType="server" 
				value="127.0.0.1:4333" > <mapper valType="class" value="CSVMapper" separator=";" 
				replaceenter="" /> </out> <out commType="folder" value="c:\XMLServer\out\" 
				outputType="csv" /> </property> <property name="PRICAT_OUT_FASHION_UNITED" 
				dbLogging="false" debugXml="true" enableHistory="false"> <in commType="folder" 
				value="F:\XMLServer\Versteegh\IN_XML\" delay="5"> <mapper value="GenericXmlToEdiMapper" 
				valType="class" calculateNumberOfSegments="false" elementSeparator="," subElementSeparator=" 
				" segmentSeparator=" " escapeCharacter=" " addUnaSegment="false" needUNBSegment="false" 
				addQuotesToSegment="true"/> </in> <out commType="folder" value="F:\XMLServer\Versteegh\OUT_CSV\" 
				fileName="%d_%t_pricat96a.csv" outputType="csv" generateNewFileName="true"/> 
				</property> -->
<!-- 
	<property name="editest">
		<in commType="folder" value="F:\XMLServer\in\" delay="5">
			<mapper value="GenericXmlToEdiMapper" valType="class" calculateNumberOfSegments="true"/>
		</in>
		<out commType="folder" value="F:\XMLServer\out\" fileName="%d_%t_desadv.edi" outputType="edi" generateNewFileName="true" />
	</property>
 -->
	</mapping>
</properties>